{"0": 7156.040446830584, "1": 8426.56218363941, "2": 4415.6752944335085, "3": 6275.118944114555, "4": 7277.1848370194, "5": 8671.645590751843, "6": 6110.83841782392, "7": 7091.543319263519, "8": 6042.474598654605, "9": 4100.93205003237, "10": 7422.070274226057, "11": 5723.142008032099, "12": 6205.01592408756, "13": 7820.629501106684, "14": 3610.460519042056, "15": 5247.631980369497, "16": 7325.686294832431, "17": 5882.441471571907, "18": 5420.590823755465, "19": 10221.785641563212}